{
  "x": 196.1999969482422,
  "y": 489.51666259765625,
  "width": 961.5999755859376,
  "height": 57.866668701171875
}