{
  "x": 553.0333251953125,
  "y": 1038.7666625976562,
  "width": 247.93331909179688,
  "height": 62.866668701171875
}