{
  "x": 545.36669921875,
  "y": 1124.6666717529297,
  "width": 263.26666259765625,
  "height": 62.866668701171875
}