{
  "x": 547.2666625976562,
  "y": 1210.566665649414,
  "width": 259.45001220703125,
  "height": 62.866668701171875
}