{
  "x": 196.1999969482422,
  "y": 574.2666625976562,
  "width": 961.5999755859376,
  "height": 57.866668701171875
}