{
  "height": 62,
  "width": 233,
  "x": 836.234375,
  "y": 1033.78125
}